{
  "images" : [
    {
      "idiom" : "universal",
      "scale" : "1x"
    },
    {
      "idiom" : "universal",
      "filename" : "waterfall_landscape@2x.jpg",
      "scale" : "2x"
    },
    {
      "idiom" : "universal",
      "scale" : "3x"
    },
    {
      "idiom" : "universal",
      "scale" : "1x",
      "width-class" : "compact"
    },
    {
      "idiom" : "universal",
      "filename" : "waterfall_portrait@2x.jpg",
      "width-class" : "compact",
      "scale" : "2x"
    },
    {
      "idiom" : "universal",
      "scale" : "3x",
      "width-class" : "compact"
    }
  ],
  "info" : {
    "version" : 1,
    "author" : "xcode"
  }
}